{"objectID":"A","keyFrame":0,"scale":1.0,"posX":-2.0,"posY":-2.0,"posZ":0.0,"brushR":210,"brushG":105,"brushB":30,"colourR":211,"colourG":211,"colourB":211}
{"objectID":"A","keyFrame":999,"scale":1.0,"posX":3.0,"posY":2.7794117647058743,"posZ":0.0,"brushR":10,"brushG":105,"brushB":30,"colourR":211,"colourG":211,"colourB":211}
{"objectID":"B","keyFrame":0,"scale":1.0,"posX":0.0,"posY":-4.85294117647059,"posZ":0.0,"brushR":248,"brushG":248,"brushB":255,"colourR":211,"colourG":211,"colourB":211}
{"objectID":"B","keyFrame":999,"scale":3.9852941176470584,"posX":0.0,"posY":-4.85294117647059,"posZ":0.0,"brushR":0,"brushG":248,"brushB":255,"colourR":211,"colourG":211,"colourB":211}
{"objectID":"C","keyFrame":0,"scale":1.0104601176470587,"posX":-0.010136911764705882,"posY":0.0079332352941176437,"posZ":0.0,"brushR":255,"brushG":0,"brushB":0,"colourR":211,"colourG":211,"colourB":211}
{"objectID":"C","keyFrame":999,"scale":3.617647058823529,"posX":-2.5367647058823528,"posY":1.9852941176470575,"posZ":0.0,"brushR":255,"brushG":111,"brushB":255,"colourR":211,"colourG":211,"colourB":211}
