{"objectID":"A","keyFrame":0,"scale":1.0,"posX":-2.0,"posY":-2.0,"posZ":0.0,"brushR":210,"brushG":105,"brushB":30,"colourR":211,"colourG":211,"colourB":211}
{"objectID":"A","keyFrame":466,"scale":3.2499999999999991,"posX":-2.0,"posY":-7.4411764705882364,"posZ":0.0,"brushR":71,"brushG":105,"brushB":30,"colourR":211,"colourG":211,"colourB":211}
{"objectID":"A","keyFrame":705,"scale":1.353355038075269,"posX":-0.096236618474781821,"posY":-4.1965014899017774,"posZ":-10.0,"brushR":75,"brushG":41,"brushB":145,"colourR":211,"colourG":211,"colourB":211}
{"objectID":"A","keyFrame":999,"scale":4.7205882352941195,"posX":2.2279411764705888,"posY":-0.23529411764705988,"posZ":-2.9411764705882359,"brushR":52,"brushG":105,"brushB":210,"colourR":211,"colourG":211,"colourB":211}
